Variable,A (English),B (Trad. Chinese),C (French),D (German),E (Italian),F (Japanese),G (Korean),H (Euro. Spanish),I (Latin American Spanish),J (Polish),K (Brazilian Portuguese),L (Russian),M (Simplified Chinese)
AircraftDataviewer_Description_f86t,"A versatile and adaptable transonic jet fighter aircraft developed by a certain nation, the F-86 was developed to counter the rising threat from the similarly designed MiG-15.

The two aircraft would be involved in high-speed dogfights in a major war, fighting some of the earliest jet-to-jet battles in history. The F-86T excels in dogfights, possessing 6 mounted machine guns, and early AIM-9B missiles for suppressing air targets, but it's also a formidable strike aircraft when equipped with rocket pods, medium-sized bombs and napalm.

At the end of the war, the F-86 had proven itself to be a successful fighter jet and was considered to be one of the best and most important of its kind in history, receiving an extended production run with many variants and upgrades being produced for long after

Its nickname is the ""Sabre"" but sometimes it wad called the ""Sabrejet"".","F-86系由某國針對日益遽增的MiG-15威脅，所研發的多功能、改裝空間極強的穿音速戰鬥機，且兩機均採用相似設計理念，並活用於某大型戰爭中相互創造歷史上的高速纏鬥空戰。

 F-86T搭載6挺機槍及首款空對空導彈AIM-9B，以壓制對空目標，但本身也可裝備火箭彈夾艙、中等航空炸彈及汽油彈，搖身一變成為令人生畏的對地炸射平臺。於此大型戰爭中，F-86證明自身有效性且具最佳戰鬥機等歷史定位，後續又長期獲得多款改良衍生型與延長產線壽期等優待。

其稱為「軍刀」亦或是「軍刀戰機」。","Un chasseur à réaction transsonique, versatile et adaptable développé par un certain pays, le F-86 fut développé pour contrer la menace émergente d'un MiG-15 de conception similaire.

Les deux appareils furent impliqués dans des combats aériens à haute vitesse durant une guerre majeure, participant à plusieurs des premièrs combats entre jets de l'Histoire. Le F-86T excelle en combat aérien, emportant 6 canons et des missiles AIM-9B primitifs pour la suppression des cibles aériennes, mais représente également un avion d'attaque au sol des plus formidables quand il est équipé de lance-roquettes, bombes moyennes, et napalm.

A la fin de la guerre, le F-86 avait fait ses preuves en tant que chasseur à réaction et fut considéré comme l'un des meilleurs et plus importants de l'Histoire, recevant une production à long terme avec bien des variantes et améliorations pendant très longtemps.

Son surnom est le ""Sabre"" mais il était parfois appelé le ""Sabrejet"".","A versatile and adaptable transonic jet fighter aircraft developed by a certain nation, the F-86 was developed to counter the rising threat from the similarly designed MiG-15.

The two aircraft would be involved in high-speed dogfights in a major war, fighting some of the earliest jet-to-jet battles in history. The F-86T excels in dogfights, possessing 6 mounted machine guns, and early AIM-9B missiles for suppressing air targets, but it's also a formidable strike aircraft when equipped with rocket pods, medium-sized bombs and napalm.

At the end of the war, the F-86 had proven itself to be a successful fighter jet and was considered to be one of the best and most important of its kind in history, receiving an extended production run with many variants and upgrades being produced for long after

Its nickname is the ""Sabre"" but sometimes it wad called the ""Sabrejet"".","A versatile and adaptable transonic jet fighter aircraft developed by a certain nation, the F-86 was developed to counter the rising threat from the similarly designed MiG-15.

The two aircraft would be involved in high-speed dogfights in a major war, fighting some of the earliest jet-to-jet battles in history. The F-86T excels in dogfights, possessing 6 mounted machine guns, and early AIM-9B missiles for suppressing air targets, but it's also a formidable strike aircraft when equipped with rocket pods, medium-sized bombs and napalm.

At the end of the war, the F-86 had proven itself to be a successful fighter jet and was considered to be one of the best and most important of its kind in history, receiving an extended production run with many variants and upgrades being produced for long after

Its nickname is the ""Sabre"" but sometimes it wad called the ""Sabrejet"".","ある国が開発した、汎用性と適応性に優れた遷音速ジェット戦闘機、F-86は、類似設計のMiG-15の脅威の高まりに対抗するために開発されました。

両機は、ある大戦において高速ドッグファイトを繰り広げ、歴史上最も初期のジェット機同士の戦闘のいくつかを繰り広げました。 F-86Tはドッグファイトに優れ、6挺の機銃と初期のAIM-9Bミサイルを搭載し、空中目標の制圧に威力を発揮します。また、ロケットポッド、中型爆弾、ナパーム弾を装備すれば、強力な攻撃機にもなります。

終戦時には、F-86は優れた戦闘機としての実力を示し、同種の機体の中では史上最高かつ最も重要な機体の一つとみなされていました。生産は長期にわたり続けられ、その後も多くの派生型や改良型が生産されました。

愛称は「セイバー」ですが、「セイバージェット」と呼ばれることもありました。","A versatile and adaptable transonic jet fighter aircraft developed by a certain nation, the F-86 was developed to counter the rising threat from the similarly designed MiG-15.

The two aircraft would be involved in high-speed dogfights in a major war, fighting some of the earliest jet-to-jet battles in history. The F-86T excels in dogfights, possessing 6 mounted machine guns, and early AIM-9B missiles for suppressing air targets, but it's also a formidable strike aircraft when equipped with rocket pods, medium-sized bombs and napalm.

At the end of the war, the F-86 had proven itself to be a successful fighter jet and was considered to be one of the best and most important of its kind in history, receiving an extended production run with many variants and upgrades being produced for long after

Its nickname is the ""Sabre"" but sometimes it wad called the ""Sabrejet"".","Un avión caza a reacción transónico, versátil y adaptable, desarrollado por una nación en particular. El F-86 fue desarrollado para contrarrestar la amenaza creciente del similarmente diseñado MiG-15.

Ambos aviones serían utilizados en combate aéreos de alta velocidad durante una importante guerra, luchando algunas de las primeras batallas entre aviones a reacción de la historia. El F-86T es excelente para combates aéreos, contando con 6 ametralladoras pesadas montadas, y misiles AIM-9B para atacar blancos aéreos. Además, resulta formidable como avión de ataque al equiparse con lanzacohetes, bombas de tamaño medio y napalm.

Para fines de la guerra, el F-86 había demostrado su éxito como caza de combate y fue considerado uno de los mejores y más importantes de su clase de la historia, recibiendo un ciclo de fabricación extendido con muchas variantes y mejoras ofrecidas durante un largo tiempo.

Su apodo es ""Sabre"", y a veces, ""Sabrejet"".","Un avión caza a reacción transónico, versátil y adaptable, desarrollado por una nación en particular. El F-86 fue desarrollado para contrarrestar la amenaza creciente del similarmente diseñado MiG-15.

Ambos aviones serían utilizados en combate aéreos de alta velocidad durante una importante guerra, luchando algunas de las primeras batallas entre aviones a reacción de la historia. El F-86T es excelente para combates aéreos, contando con 6 ametralladoras pesadas montadas, y misiles AIM-9B para atacar blancos aéreos. Además, resulta formidable como avión de ataque al equiparse con lanzacohetes, bombas de tamaño medio y napalm.

Para fines de la guerra, el F-86 había demostrado su éxito como caza de combate y fue considerado uno de los mejores y más importantes de su clase de la historia, recibiendo un ciclo de fabricación extendido con muchas variantes y mejoras ofrecidas durante un largo tiempo.

Su apodo es ""Sabre"", y a veces, ""Sabrejet"".","A versatile and adaptable transonic jet fighter aircraft developed by a certain nation, the F-86 was developed to counter the rising threat from the similarly designed MiG-15.

The two aircraft would be involved in high-speed dogfights in a major war, fighting some of the earliest jet-to-jet battles in history. The F-86T excels in dogfights, possessing 6 mounted machine guns, and early AIM-9B missiles for suppressing air targets, but it's also a formidable strike aircraft when equipped with rocket pods, medium-sized bombs and napalm.

At the end of the war, the F-86 had proven itself to be a successful fighter jet and was considered to be one of the best and most important of its kind in history, receiving an extended production run with many variants and upgrades being produced for long after

Its nickname is the ""Sabre"" but sometimes it wad called the ""Sabrejet"".","A versatile and adaptable transonic jet fighter aircraft developed by a certain nation, the F-86 was developed to counter the rising threat from the similarly designed MiG-15.

The two aircraft would be involved in high-speed dogfights in a major war, fighting some of the earliest jet-to-jet battles in history. The F-86T excels in dogfights, possessing 6 mounted machine guns, and early AIM-9B missiles for suppressing air targets, but it's also a formidable strike aircraft when equipped with rocket pods, medium-sized bombs and napalm.

At the end of the war, the F-86 had proven itself to be a successful fighter jet and was considered to be one of the best and most important of its kind in history, receiving an extended production run with many variants and upgrades being produced for long after

Its nickname is the ""Sabre"" but sometimes it wad called the ""Sabrejet"".","A versatile and adaptable transonic jet fighter aircraft developed by a certain nation, the F-86 was developed to counter the rising threat from the similarly designed MiG-15.

The two aircraft would be involved in high-speed dogfights in a major war, fighting some of the earliest jet-to-jet battles in history. The F-86T excels in dogfights, possessing 6 mounted machine guns, and early AIM-9B missiles for suppressing air targets, but it's also a formidable strike aircraft when equipped with rocket pods, medium-sized bombs and napalm.

At the end of the war, the F-86 had proven itself to be a successful fighter jet and was considered to be one of the best and most important of its kind in history, receiving an extended production run with many variants and upgrades being produced for long after

Its nickname is the ""Sabre"" but sometimes it wad called the ""Sabrejet"".","F-86是由某国研发的一款强适应能力多用途跨音速战机，为应对增长的来自相似设计的MIG-15战机的威胁而研发。这两款战机在后来的一场大型战争中参与了高速缠斗，是历史上最早的喷气式战机对抗。

F-86T在缠斗中表现优异，其拥有6挺机枪和早期型AIM-9B导弹以压制空中目标，但在装备火箭吊舱、中等尺寸炸弹和燃烧弹时亦可成为一款强大的攻击机。

在战争末期，F-86证明了自身是一款成功的喷气式战斗机，也被认为是历史上与其同类型的战机中最优秀且影响最为重大的战机之一，其生产周期在许久之后仍在延长，期间仍有大量该机的不同型号和升级被生产。

其稱為「軍刀」亦或是「軍刀戰機」。"
AircraftDataviewer_Description_ut4054,"An aircraft rumored to have been developed as a successor or replacement of the General Resource Defense Force's SR-71 and RF-12A2 Blackbird. Only one airframe is known to have been produced, and it was mysteriously acquired by the organization Ouroboros. 

It features a long fuselage with curved blended-wing lifting body with two low-aspect-ration, elliptical-tip delta wings. Its large dorsal vertical stabilizers are canted inwards and protrude beyond the trailing edge of the wing and are mated to two underwing mid-span ventral fins. Four engines are enclosed within a blister on the belly of the rear fuselage with a large, straked air intake on the bottom and a smaller intake on the top supplying air to the engines. It also features a large internal weapon bay in the front of the bottom fuselage and two gun ports hidden on the top. Despite its large size and heavy weight, it is still very agile with a high top speed.

This aircraft features advanced Connection For Flight Interface (COFFIN) equipped with the latest neural connections system designated Opto-Neuron-Synapse-Interface (ONSI) that directly links the pilot's nervous system to the aircraft, allowing for faster and more precise control than previous flight control technology.

its nickname is ""Aurora"".","傳聞中，通用資源公司秘密研製以取代SR-71和RF-12A2的高空超音速偵察機，據說只有生產乙款並由恐怖組織「銜尾蛇」獲得。

其修長的機身由弧形融合翼構成，腹部的大型條狀進氣口及頂部的小進氣口分別通向四具發動機。機身底部前方還設有一個大型內部武器艙，頂部則埋藏著兩個砲口。儘管身為重型機，它依然非常靈活並能達到高速表現。

該飛機配備了先進的飛行連接介面（COFFIN），搭載了最新的神經連接系統——光神經突觸介面（ONSI），可將飛行員的神經系統直接連接到飛機，從而實現比以往飛行控制技術更快、更精確的控制.

機體代號為 ""極光"".","An aircraft rumored to have been developed as a successor or replacement of the General Resource Defense Force's SR-71 and RF-12A2 Blackbird. Only one airframe is known to have been produced, and it was mysteriously acquired by the organization Ouroboros. 

It features a long fuselage with curved blended-wing lifting body with two low-aspect-ration, elliptical-tip delta wings. Its large dorsal vertical stabilizers are canted inwards and protrude beyond the trailing edge of the wing and are mated to two underwing mid-span ventral fins. Four engines are enclosed within a blister on the belly of the rear fuselage with a large, straked air intake on the bottom and a smaller intake on the top supplying air to the engines. It also features a large internal weapon bay in the front of the bottom fuselage and two gun ports hidden on the top. Despite its large size and heavy weight, it is still very agile with a high top speed.

This aircraft features advanced Connection For Flight Interface (COFFIN) equipped with the latest neural connections system designated Opto-Neuron-Synapse-Interface (ONSI) that directly links the pilot's nervous system to the aircraft, allowing for faster and more precise control than previous flight control technology.

its nickname is ""Aurora"".","An aircraft rumored to have been developed as a successor or replacement of the General Resource Defense Force's SR-71 and RF-12A2 Blackbird. Only one airframe is known to have been produced, and it was mysteriously acquired by the organization Ouroboros. 

It features a long fuselage with curved blended-wing lifting body with two low-aspect-ration, elliptical-tip delta wings. Its large dorsal vertical stabilizers are canted inwards and protrude beyond the trailing edge of the wing and are mated to two underwing mid-span ventral fins. Four engines are enclosed within a blister on the belly of the rear fuselage with a large, straked air intake on the bottom and a smaller intake on the top supplying air to the engines. It also features a large internal weapon bay in the front of the bottom fuselage and two gun ports hidden on the top. Despite its large size and heavy weight, it is still very agile with a high top speed.

This aircraft features advanced Connection For Flight Interface (COFFIN) equipped with the latest neural connections system designated Opto-Neuron-Synapse-Interface (ONSI) that directly links the pilot's nervous system to the aircraft, allowing for faster and more precise control than previous flight control technology.

its nickname is ""Aurora"".","Si dice che questo aereo sia stato sviluppato come successore e rimpiazzo dell'SR-71 e RF-12A2 Blackbird della Forza di Difesa di General Resource. Solo un'unità fu prodotta, e fu misteriosamente acquisita dall'organizzazione Ouroboros.

È dotato di una lunga fusoliera con ala curva integrata e due ali a delta ellittiche con allungamento alare ridotto. Le sue grandi derive, inclinate verso l'interno, sono associate a due pinne ventrali sotto le ali. I quattro motori sono posizionati sulla parte inferiore della pancia con due prese d'aria: una grande con nervature nella parte inferiore e una più piccola nella parte superiore della fusoliera. Presenta inoltre un ampio vano armi. Nonostante la sua grandezza ed il suo peso, è un aereo molto agile con un'elevata velocità massima.

Questo aereo presenta un sistema COFFIN (Connection For Flight Interface) avanzato, migliorato con il sistema Interfaccia Optico-Neurale Sinaptica (ONSI) che collega il sistema nervoso del pilota direttamente all'aereo, permettendo controlli più rapidi e precisi rispetto alle precedenti tecnologie.

Il suo soprannome è ""Aurora"".","ゼネラル・リソース・ディフェンス・フォースのSR-71およびRF-12A2ブラックバードの後継機、あるいは代替機として開発されたと噂される航空機。製造された機体は1機のみで、組織「ウロボロス」によって謎の入手が行われた。

湾曲したブレンデッド・ウィング・リフティング・ボディと、低アスペクト比の楕円翼端デルタ翼を2枚備えた長い胴体を持つ。大型の背側垂直安定板は内側に傾斜し、主翼後縁を超えて突出し、翼下側の2枚の翼幅中央部腹側フィンと連結されている。4基のエンジンは後部胴体腹部のブリスター内に収納され、下面には大型のストレイク状のエアインテーク、上面にはエンジンへの空気供給用の小型のエアインテークが備えられている。また、下面胴体前部には大型の機内兵装庫が、上面には2つの隠された銃眼が備えられている。大型で非常に重いにもかかわらず、非常に高速で機動性に優れています。

この機体は、パイロットの神経系と機体を直接接続する最新の神経接続システム「オプトニューロンシナプスインターフェース（オンシ）」を搭載した先進的な飛行接続インターフェース（棺桶）を搭載しており、従来の技術よりも高速かつ高精度な操縦を可能にします。

愛称は「オーロラ」","An aircraft rumored to have been developed as a successor or replacement of the General Resource Defense Force's SR-71 and RF-12A2 Blackbird. Only one airframe is known to have been produced, and it was mysteriously acquired by the organization Ouroboros. 

It features a long fuselage with curved blended-wing lifting body with two low-aspect-ration, elliptical-tip delta wings. Its large dorsal vertical stabilizers are canted inwards and protrude beyond the trailing edge of the wing and are mated to two underwing mid-span ventral fins. Four engines are enclosed within a blister on the belly of the rear fuselage with a large, straked air intake on the bottom and a smaller intake on the top supplying air to the engines. It also features a large internal weapon bay in the front of the bottom fuselage and two gun ports hidden on the top. Despite its large size and heavy weight, it is still very agile with a high top speed.

This aircraft features advanced Connection For Flight Interface (COFFIN) equipped with the latest neural connections system designated Opto-Neuron-Synapse-Interface (ONSI) that directly links the pilot's nervous system to the aircraft, allowing for faster and more precise control than previous flight control technology.

its nickname is ""Aurora"".","Se dice que esta aeronave fue desarrollada como un sucesor or reemplazo para los SR-71 y RF-12A2 Blackbird utilizados por la General Resource Defense Force. Se cree que solo una unidad fue jamás fabricada, y fue adquirida por la organización Ouroboros bajo circunstancias misteriosas.

Presenta un largo fuselaje integrado con dos alas delta de relación de aspecto baja, con puntas elípticas. Sus grandes estabilizadores verticales dorsales están inclinados hacia dentro y sobresalen más allá del borde trasero del ala y se fusionan con dos aletas ventrales ubicadas en la parte media inferior del ala. Posee cuatro motores dentro de una ampolla integrada en la parte ventral trasera del fuselaje, con una gran toma de aire apilada debajo y una toma de aire más pequeña arriba para los motores. También incluye un gran compartimento de armas interno al frente del fuselaje inferior, así como dos cañones ocultos en la parte superior. Pese a su gran tamaño y peso, resulta muy ágil y presume de una alta velocidad máxima.

Esta aeronave presenta el avanzado sistema Connection For Flight Interface (COFFIN) equipado con la última generación el sistema Opto-Neuron-Synapse-Interface (ONSI) de conexiones neuronales que vincula el sistema nervioso del piloto directamente a la aeronave, permitiendo un control más rápido y preciso que las anteriores tecnologías de control de vuelo.

Su apodo es ""Aurora"".","Se dice que esta aeronave fue desarrollada como un sucesor or reemplazo para los SR-71 y RF-12A2 Blackbird utilizados por la General Resource Defense Force. Se cree que solo una unidad fue jamás fabricada, y fue adquirida por la organización Ouroboros bajo circunstancias misteriosas.

Presenta un largo fuselaje integrado con dos alas delta de relación de aspecto baja, con puntas elípticas. Sus grandes estabilizadores verticales dorsales están inclinados hacia dentro y sobresalen más allá del borde trasero del ala y se fusionan con dos aletas ventrales ubicadas en la parte media inferior del ala. Posee cuatro motores dentro de una ampolla integrada en la parte ventral trasera del fuselaje, con una gran toma de aire apilada debajo y una toma de aire más pequeña arriba para los motores. También incluye un gran compartimento de armas interno al frente del fuselaje inferior, así como dos cañones ocultos en la parte superior. Pese a su gran tamaño y peso, resulta muy ágil y presume de una alta velocidad máxima.

Esta aeronave presenta el avanzado sistema Connection For Flight Interface (COFFIN) equipado con la última generación el sistema Opto-Neuron-Synapse-Interface (ONSI) de conexiones neuronales que vincula el sistema nervioso del piloto directamente a la aeronave, permitiendo un control más rápido y preciso que las anteriores tecnologías de control de vuelo.

Su apodo es ""Aurora"".","An aircraft rumored to have been developed as a successor or replacement of the General Resource Defense Force's SR-71 and RF-12A2 Blackbird. Only one airframe is known to have been produced, and it was mysteriously acquired by the organization Ouroboros. 

It features a long fuselage with curved blended-wing lifting body with two low-aspect-ration, elliptical-tip delta wings. Its large dorsal vertical stabilizers are canted inwards and protrude beyond the trailing edge of the wing and are mated to two underwing mid-span ventral fins. Four engines are enclosed within a blister on the belly of the rear fuselage with a large, straked air intake on the bottom and a smaller intake on the top supplying air to the engines. It also features a large internal weapon bay in the front of the bottom fuselage and two gun ports hidden on the top. Despite its large size and heavy weight, it is still very agile with a high top speed.

This aircraft features advanced Connection For Flight Interface (COFFIN) equipped with the latest neural connections system designated Opto-Neuron-Synapse-Interface (ONSI) that directly links the pilot's nervous system to the aircraft, allowing for faster and more precise control than previous flight control technology.

its nickname is ""Aurora"".","Uma aeronave que, segundo rumores, teria sido desenvolvida como sucessora/substituta do SR-71 e do RF-12A2 Blackbird da Força de Defesa de General Resource. Sabe-se que apenas uma fuselagem foi produzida, e ela foi misteriosamente adquirida pela organização Ouroboros.

Possui uma fuselagem longa com corpo de asa curva e duas asas delta elípticas de baixa proporção. Seus grandes estabilizadores verticais dorsais são inclinados para dentro e se projetam além da borda traseira da asa, estando acoplados a duas aletas ventrais sob a asa, no meio da envergadura. Quatro motores estão alojados dentro de uma protuberância na parte inferior da fuselagem traseira, com uma grande entrada de ar com nervuras na parte inferior e uma entrada menor na parte superior, que fornece ar aos motores. Ele também possui um grande compartimento interno para armas na parte frontal da fuselagem inferior e duas portas para armas escondidas na parte superior. Apesar de seu grande tamanho e peso, ele ainda é muito ágil e capaz de atingir altas velocidades máximas.

Esta aeronave possui uma interface avançada de conexão para voo (COFFIN) equipada com o mais recente sistema de conexões neurais denominado Opto-Neuron-Synapse-Interface (ONSI), que conecta diretamente o sistema nervoso do piloto à aeronave, permitindo um controle mais rápido e preciso do que a tecnologia de controle de voo anterior.

O apelido da aeronave é “Aurora”.","An aircraft rumored to have been developed as a successor or replacement of the General Resource Defense Force's SR-71 and RF-12A2 Blackbird. Only one airframe is known to have been produced, and it was mysteriously acquired by the organization Ouroboros. 

It features a long fuselage with curved blended-wing lifting body with two low-aspect-ration, elliptical-tip delta wings. Its large dorsal vertical stabilizers are canted inwards and protrude beyond the trailing edge of the wing and are mated to two underwing mid-span ventral fins. Four engines are enclosed within a blister on the belly of the rear fuselage with a large, straked air intake on the bottom and a smaller intake on the top supplying air to the engines. It also features a large internal weapon bay in the front of the bottom fuselage and two gun ports hidden on the top. Despite its large size and heavy weight, it is still very agile with a high top speed.

This aircraft features advanced Connection For Flight Interface (COFFIN) equipped with the latest neural connections system designated Opto-Neuron-Synapse-Interface (ONSI) that directly links the pilot's nervous system to the aircraft, allowing for faster and more precise control than previous flight control technology.

its nickname is ""Aurora"".","一款据传作为通用资源防卫力量的SR-71和RF-12A2“黑鸟”的继任者开发的飞机。该机仅被制造了一架，被衔尾蛇组织秘密接收。
其具备修长的机身、弧形翼身融合体和两个低宽高比的椭圆翼尖三角翼。其位于机背的大型垂尾向内倾斜并突出于机翼后缘，且与两个翼下的中等翼展大小的腹鳍联动。四台发动机被封装于机身后部的一个泡状囊包中，由一个位于下方的大型条纹式进气道和一个位于上方的小型进气道为发动机提供空气。其也具备一个在机身底部前缘的大型内部武器舱和两个隐藏在机身上部的航炮口。尽管该机尺寸和质量都较大，其仍然非常灵敏，且能达到高极速。
该机具有先进的配有最新型“光学神经元突触界面”(OSNI)神经连接系统的“飞行连接界面”(C.O.F.F.I.N.)，将飞行员的神经系统直接连接至飞机，与此前的飞控技术相比，为更快速和精准的控制留出了空间。
该机的称号为“极光”。
"
AircraftShort_Name_f86t,F-86T,F-86T,F-86T,F-86T,F-86T,F-86T,F-86T,F-86T,F-86T,F-86T,F-86T,F-86T,F-86T
AircraftShort_Name_ut4054,UT-4054,UT-4054,UT-4054,UT-4054,UT-4054,UT-4054,UT-4054,UT-4054,UT-4054,UT-4054,UT-4054,UT-4054,UT-4054
AircraftSkin_Description_f86t_00,The Osea skin for the F-86T Sabre.,F-86軍刀的歐西亞灰色塗裝.,Le skin Osea pour le F-86T Sabre. ,The Osea skin for the F-86T Sabre.,The Osea skin for the F-86T Sabre.,F-86T セイバー用オーシアスキン。,The Osea skin for the F-86T Sabre.,El aspecto de Osea para el F-86T Sabre.,El aspecto de Osea para el F-86T Sabre.,The Osea skin for the F-86T Sabre.,The Osea skin for the F-86T Sabre.,The Osea skin for the F-86T Sabre.,“F-86T Sabre”的欧西亚涂装。
AircraftSkin_Description_f86t_01,The Erusea skin for the F-86T Sabre.,F-86軍刀的愛爾吉亞塗裝.,Le skin Erusea pour le F-86T Sabre. ,The Erusea skin for the F-86T Sabre.,The Erusea skin for the F-86T Sabre.,F-86T セイバー用エルジアスキン。,The Erusea skin for the F-86T Sabre.,El aspecto de Erusea para el F-86T Sabre.,El aspecto de Erusea para el F-86T Sabre.,The Erusea skin for the F-86T Sabre.,The Erusea skin for the F-86T Sabre.,The Erusea skin for the F-86T Sabre.,“F-86T Sabre”的爱尔吉亚涂装。
AircraftSkin_Description_f86t_02,A special skin for the F-86T Sabre.,F-86軍刀的特殊塗裝.,Le skin Spécial pour le F-86T Sabre. ,A special skin for the F-86T Sabre.,A special skin for the F-86T Sabre.,F-86T セイバー用スペシャルスキン。,A special skin for the F-86T Sabre.,Un aspecto especial para el F-86T Sabre.,Un aspecto especial para el F-86T Sabre.,A special skin for the F-86T Sabre.,A special skin for the F-86T Sabre.,A special skin for the F-86T Sabre.,“F-86T Sabre”的特殊涂装。
AircraftSkin_Description_f86t_03,"Mage Squadron skin for the F-86T Sabre. 
Based on the mod author's RealStrange AU.",F-86軍刀的RealStrange世界版法師隊塗裝.,"Skin de l'Escadron Mage pour le F-86T Sabre.
Basé sur l'univers RealStrange de l'auteur du mod.","Mage Squadron skin for the F-86T Sabre. 
Based on the mod author's RealStrange AU.","Mage Squadron skin for the F-86T Sabre. 
Based on the mod author's RealStrange AU.","F-86T セイバー用メイジ飛行隊スキン。
モッド作者のリアルストレンジ AUに基づいています。","Mage Squadron skin for the F-86T Sabre. 
Based on the mod author's RealStrange AU.","El aspecto de Mage para el F-86T Sabre.
Inspirado en el universo alternativo RealStrange creado por el autor.","El aspecto de Mage para el F-86T Sabre.
Inspirado en el universo alternativo RealStrange creado por el autor.","Mage Squadron skin for the F-86T Sabre. 
Based on the mod author's RealStrange AU.","Mage Squadron skin for the F-86T Sabre. 
Based on the mod author's RealStrange AU.","Mage Squadron skin for the F-86T Sabre. 
Based on the mod author's RealStrange AU.","“F-86T Sabre”的法师涂装。
基于模组作者的奇异现实世界观。"
AircraftSkin_Description_f86t_04,Spare Squadron skin for the F-86T Sabre.,F-86軍刀的後援者隊塗裝.,Skin de l'Escadron Spare pour le F-86T Sabre.,Spare Squadron skin for the F-86T Sabre.,Spare Squadron skin for the F-86T Sabre.,F-86T セイバー用スペア飛行隊スキン。,Spare Squadron skin for the F-86T Sabre.,El aspecto de Spare para el F-86T Sabre.,El aspecto de Spare para el F-86T Sabre.,Spare Squadron skin for the F-86T Sabre.,Spare Squadron skin for the F-86T Sabre.,Spare Squadron skin for the F-86T Sabre.,“F-86T Sabre”的后援者涂装。
AircraftSkin_Description_f86t_05,Strider Squadron skin for the F-86T Sabre.,F-86軍刀的疾行者隊塗裝.,Skin de l'Escadron Strider pour le F-86T Sabre.,Strider Squadron skin for the F-86T Sabre.,Strider Squadron skin for the F-86T Sabre.,F-86T セイバー用ストライダー飛行隊スキン。,Strider Squadron skin for the F-86T Sabre.,El aspecto de Strider para el F-86T Sabre.,El aspecto de Strider para el F-86T Sabre.,Strider Squadron skin for the F-86T Sabre.,Strider Squadron skin for the F-86T Sabre.,Strider Squadron skin for the F-86T Sabre.,“F-86T Sabre”的疾行者涂装。
AircraftSkin_Description_f86t_06,The Belkan Woodland camouflage skin for the F-86T Sabre.,F-86軍刀的貝爾卡林地迷彩塗裝.,Le skin camouflage Woodland Belkan pour le F-86T Sabre. ,The Belkan Woodland camouflage skin for the F-86T Sabre.,The Belkan Woodland camouflage skin for the F-86T Sabre.,F-86Tセイバー用ベルカン・ウッドランド迷彩スキン。,The Belkan Woodland camouflage skin for the F-86T Sabre.,"El aspecto de camuflaje ""Belkan Woodland"" para el F-86T Sabre.","El aspecto de camuflaje ""Belkan Woodland"" para el F-86T Sabre.",The Belkan Woodland camouflage skin for the F-86T Sabre.,The Belkan Woodland camouflage skin for the F-86T Sabre.,The Belkan Woodland camouflage skin for the F-86T Sabre.,“F-86T Sabre”的贝尔卡林地迷彩涂装。
AircraftSkin_Description_f86t_07,The USAAF Vault Girl pinup skin for the F-86T Sabre.,F-86軍刀的美國陸軍航空隊「避難所女郎」塗裝.,Le skin pinup Vault Girl de l'USAAF pour le F-86T Sabre.,The USAAF Vault Girl pinup skin for the F-86T Sabre.,The USAAF Vault Girl pinup skin for the F-86T Sabre.,F-86Tセイバー用USAAFヴォルトガールピンナップスキン。,The USAAF Vault Girl pinup skin for the F-86T Sabre.,El aspecto de pinup Vault Girl de la USAAF para el F-86T Sabre.,El aspecto de pinup Vault Girl de la USAAF para el F-86T Sabre.,The USAAF Vault Girl pinup skin for the F-86T Sabre.,The USAAF Vault Girl pinup skin for the F-86T Sabre.,The USAAF Vault Girl pinup skin for the F-86T Sabre.,“F-86T Sabre”的美国空军保险库女郎海报涂装。
AircraftSkin_Description_f86t_08,"The Special Research Projects Administration (SRPA) skin for the F-86T Sabre. 
Based on the F-86 Sabre's scheme from the game Resistance 2.",F-86軍刀的全面對抗2「特殊計畫研究機關(SRPA)」塗裝.,"Le skin de l'Administration des Projets de Recherche Spéciaux (SRPA) pour le F-86T Sabre.
Basé sur la livrée du F-86 Sabre dans le jeu Resistance 2.","The Special Research Projects Administration (SRPA) skin for the F-86T Sabre. 
Based on the F-86 Sabre's scheme from the game Resistance 2.","The Special Research Projects Administration (SRPA) skin for the F-86T Sabre. 
Based on the F-86 Sabre's scheme from the game Resistance 2.","F-86Tセイバー用特別研究計画局（SRPA）スキン。
ゲーム「レジスタンス2」のF-86セイバーのスキームに基づいています。","The Special Research Projects Administration (SRPA) skin for the F-86T Sabre. 
Based on the F-86 Sabre's scheme from the game Resistance 2.","El aspecto de la Special Research Projects Administration (SRPA) para el F-86T Sabre. 
Inspirado en el esquema de pintura del F-86 Sabre del juego Resistance 2.
","El aspecto de la Special Research Projects Administration (SRPA) para el F-86T Sabre. 
Inspirado en el esquema de pintura del F-86 Sabre del juego Resistance 2.
","The Special Research Projects Administration (SRPA) skin for the F-86T Sabre. 
Based on the F-86 Sabre's scheme from the game Resistance 2.","The Special Research Projects Administration (SRPA) skin for the F-86T Sabre. 
Based on the F-86 Sabre's scheme from the game Resistance 2.","The Special Research Projects Administration (SRPA) skin for the F-86T Sabre. 
Based on the F-86 Sabre's scheme from the game Resistance 2.","“F-86T Sabre”的特殊研究项目管理局 (SRPA) 涂装。
基于来自游戏《抵抗2》的F-86“佩刀”涂装。
"
AircraftSkin_Description_f86t_09,The Taiwanese Air Force skin for the F-86T Sabre.,F-86軍刀的中華民國空軍塗裝.,Le skin de la force aérienne Taïwanaise pour le F-86T Sabre.,The Taiwanese Air Force skin for the F-86T Sabre.,The Taiwanese Air Force skin for the F-86T Sabre.,台湾空軍のF-86Tセイバー用スキンです。,The Taiwanese Air Force skin for the F-86T Sabre.,El aspecto de la Fuerza Aérea de la República de China (ROCAF) para el F-86T Sabre.,El aspecto de la Fuerza Aérea de la República de China (ROCAF) para el F-86T Sabre.,The Taiwanese Air Force skin for the F-86T Sabre.,The Taiwanese Air Force skin for the F-86T Sabre.,The Taiwanese Air Force skin for the F-86T Sabre.,“F-86T Sabre”的中国台湾地区空军涂装。
AircraftSkin_Description_f86t_10,"The ""MiG Poison"" skin for the F-86T Sabre.
Based on the 67th Fighter-Bomber Squadron ""FU-341"".",F-86軍刀的第67戰轟中隊編號FU-341「米格毒藥」塗裝.,"Le skin ""MiG Poison"" pour le F-86T Sabre. .
Basé sur le 67ème Escadron de Chasseurs-Bombardiers ""FU-341"".","The ""MiG Poison"" skin for the F-86T Sabre.
Based on the 67th Fighter-Bomber Squadron ""FU-341"".","The ""MiG Poison"" skin for the F-86T Sabre.
Based on the 67th Fighter-Bomber Squadron ""FU-341"".","F-86Tセイバー用「MiGポイズン」スキンです。
第67戦闘爆撃飛行隊「FU-341」をモチーフにしています。","The ""MiG Poison"" skin for the F-86T Sabre.
Based on the 67th Fighter-Bomber Squadron ""FU-341"".","El aspecto ""MiG Poison"" para el F-86T Sabre.
Inspirado en el 67th Fighter-Bomber Squadron ""FU-341"".
","El aspecto ""MiG Poison"" para el F-86T Sabre.
Inspirado en el 67th Fighter-Bomber Squadron ""FU-341"".
","The ""MiG Poison"" skin for the F-86T Sabre.
Based on the 67th Fighter-Bomber Squadron ""FU-341"".","The ""MiG Poison"" skin for the F-86T Sabre.
Based on the 67th Fighter-Bomber Squadron ""FU-341"".","The ""MiG Poison"" skin for the F-86T Sabre.
Based on the 67th Fighter-Bomber Squadron ""FU-341"".","“F-86T Sabre”的“米格毒杀者”涂装。
基于第67战斗轰炸机中队的FU-341号战机。"
AircraftSkin_Description_f86t_11,"The ""Beauteous Butch II"" skin for the F-86T Sabre.
Based on the 51st Fighter-Interceptor Squadron ""FU-910"".",F-86軍刀的第51戰機攔截中隊編號FU-910「美麗屠夫二世」塗裝.,"Le skin ""Beauteous Butch II"" pour le F-86T Sabre. .
Basé sur le 51ème Escadron de Chasseurs-Intercepteurs ""FU-910"".","The ""Beauteous Butch II"" skin for the F-86T Sabre.
Based on the 51st Fighter-Interceptor Squadron ""FU-910"".","The ""Beauteous Butch II"" skin for the F-86T Sabre.
Based on the 51st Fighter-Interceptor Squadron ""FU-910"".","F-86Tセイバー用「ボーテウス・ブッチII」スキンです。
第51戦闘迎撃飛行隊「FU-910」をモチーフにしています。","The ""Beauteous Butch II"" skin for the F-86T Sabre.
Based on the 51st Fighter-Interceptor Squadron ""FU-910"".","El aspecto ""Beauteous Butch II"" para el F-86T Sabre.
Inspirado en el 51st Fighter-Interceptor Squadron ""FU-910"".","El aspecto ""Beauteous Butch II"" para el F-86T Sabre.
Inspirado en el 51st Fighter-Interceptor Squadron ""FU-910"".","The ""Beauteous Butch II"" skin for the F-86T Sabre.
Based on the 51st Fighter-Interceptor Squadron ""FU-910"".","The ""Beauteous Butch II"" skin for the F-86T Sabre.
Based on the 51st Fighter-Interceptor Squadron ""FU-910"".","The ""Beauteous Butch II"" skin for the F-86T Sabre.
Based on the 51st Fighter-Interceptor Squadron ""FU-910"".","“F-86T Sabre”的“飒爽丽人2号”涂装。
基于第51战斗截击机中队的FU-910号战机。"
AircraftSkin_Description_f86t_12,"The ""Fighting Eagles"" skin for the F-86T Sabre.
Based on the 334th Fighter-Interceptor Squadron ""FU-857"".",F-86軍刀的第334戰機攔截中隊編號FU-857「戰鷹」塗裝.,"Le skin ""Fighting Eagles"" pour le F-86T Sabre.
Basé sur le 334ème Escadron de Chasseurs-Intercepteurs ""FU-857"".","The ""Fighting Eagles"" skin for the F-86T Sabre.
Based on the 334th Fighter-Interceptor Squadron ""FU-857"".","The ""Fighting Eagles"" skin for the F-86T Sabre.
Based on the 334th Fighter-Interceptor Squadron ""FU-857"".","F-86T セイバー用の「ファイティングイーグルス」スキン。
第334戦闘迎撃飛行隊「FU-857」をベースとしています。","The ""Fighting Eagles"" skin for the F-86T Sabre.
Based on the 334th Fighter-Interceptor Squadron ""FU-857"".","El aspecto ""Fighting Eagles"" para el F-86T Sabre.
Inspirado en el 334th Fighter-Interceptor Squadron ""FU-857"".","El aspecto ""Fighting Eagles"" para el F-86T Sabre.
Inspirado en el 334th Fighter-Interceptor Squadron ""FU-857"".","The ""Fighting Eagles"" skin for the F-86T Sabre.
Based on the 334th Fighter-Interceptor Squadron ""FU-857"".","The ""Fighting Eagles"" skin for the F-86T Sabre.
Based on the 334th Fighter-Interceptor Squadron ""FU-857"".","The ""Fighting Eagles"" skin for the F-86T Sabre.
Based on the 334th Fighter-Interceptor Squadron ""FU-857"".","“F-86T Sabre”的“战鹰”涂装。
基于第334战斗截击机中队的FU-857号战机。"
AircraftSkin_Description_ut4054_00,The Osea skin for the UT-4054 Aurora.,UT-4054的歐西亞塗裝.,The Osea skin for the UT-4054 Aurora.,The Osea skin for the UT-4054 Aurora.,Design Osea per UT-4054 Aurora.,「UT-4054」 オーロラ用オシアグレースキン,The Osea skin for the UT-4054 Aurora.,El aspecto de Osea para el UT-4054 Aurora.,El aspecto de Osea para el UT-4054 Aurora.,The Osea skin for the UT-4054 Aurora.,A skin de Osea para o UT-4054 Aurora.,The Osea skin for the UT-4054 Aurora.,“UT-4054 Aurora”的欧西亚涂装。
AircraftSkin_Description_ut4054_01,The Erusea skin for the UT-4054 Aurora.,UT-4054的愛爾吉亞塗裝.,The Erusea skin for the UT-4054 Aurora.,The Erusea skin for the UT-4054 Aurora.,Design Erusea per UT-4054 Aurora.,「UT-4054」 オーロラ用エルジアスキン,The Erusea skin for the UT-4054 Aurora.,El aspecto de Erusea para el UT-4054 Aurora.,El aspecto de Erusea para el UT-4054 Aurora.,The Erusea skin for the UT-4054 Aurora.,A skin de Erusea para o UT-4054 Aurora.,The Erusea skin for the UT-4054 Aurora.,“UT-4054 Aurora”的爱尔吉亚涂装。
AircraftSkin_Description_ut4054_02,A Special skin for the UT-4054 Aurora.,UT-4054的特別塗裝.,A Special skin for the UT-4054 Aurora.,A Special skin for the UT-4054 Aurora.,Design speciale per UT-4054 Aurora.,「UT-4054」 オーロラ用スペシャルスキン,A Special skin for the UT-4054 Aurora.,Un aspecto especial para el UT-4054 Aurora.,Un aspecto especial para el UT-4054 Aurora.,A Special skin for the UT-4054 Aurora.,Uma skin especial para o UT-4054 Aurora.,A Special skin for the UT-4054 Aurora.,“UT-4054 Aurora”的特殊涂装。
AircraftSkin_Description_ut4054_03,The Mobius 1 skin for the UT-4054 Aurora.,"UT-4054的""緞帶死神""塗裝.",The Mobius 1 skin for the UT-4054 Aurora.,The Mobius 1 skin for the UT-4054 Aurora.,Design Mobius 1 per UT-4054 Aurora.,「UT-4054」 オーロラ用メビウス1スキン,The Mobius 1 skin for the UT-4054 Aurora.,El aspecto de Mobius 1 para el UT-4054 Aurora.,El aspecto de Mobius 1 para el UT-4054 Aurora.,The Mobius 1 skin for the UT-4054 Aurora.,A skin de Mobius 1 para o UT-4054 Aurora.,The Mobius 1 skin for the UT-4054 Aurora.,“UT-4054 Aurora”的法师涂装。
AircraftSkin_Description_ut4054_04,The Razgriz 1 skin for the UT-4054 Aurora.,"UT-4054的""Razgriz的鬼魂""塗裝.",The Razgriz 1 skin for the UT-4054 Aurora.,The Razgriz 1 skin for the UT-4054 Aurora.,Design Razgriz 1 per UT-4054 Aurora.,「UT-4054」 オーロラ用ラーズグリーズ1スキン。,The Razgriz 1 skin for the UT-4054 Aurora.,El aspecto de Razgriz 1 para el UT-4054 Aurora.,El aspecto de Razgriz 1 para el UT-4054 Aurora.,The Razgriz 1 skin for the UT-4054 Aurora.,A skin de Razgriz 1 para o UT-4054 Aurora.,The Razgriz 1 skin for the UT-4054 Aurora.,“UT-4054 Aurora”的后援者涂装。
AircraftSkin_Description_ut4054_05,The Trigger skin for the UT-4054 Aurora.,"UT-4054的""三線出局""塗裝.",The Trigger skin for the UT-4054 Aurora.,The Trigger skin for the UT-4054 Aurora.,Design Trigger per UT-4054 Aurora.,「UT-4054」 オーロラ用トリガースキン。,The Trigger skin for the UT-4054 Aurora.,El aspecto de Trigger para el UT-4054 Aurora.,El aspecto de Trigger para el UT-4054 Aurora.,The Trigger skin for the UT-4054 Aurora.,A skin de Trigger para o UT-4054 Aurora.,The Trigger skin for the UT-4054 Aurora.,“UT-4054 Aurora”的疾行者涂装。
AircraftSkin_Description_ut4054_06,The Rex Skin for the UT-4054 Aurora.,"UT-4054的""希孚之翼""塗裝.",The Rex Skin for the UT-4054 Aurora.,The Rex Skin for the UT-4054 Aurora.,Design Rex per UT-4054 Aurora.,「UT-4054」 オーロラ用レックススキン。,The Rex Skin for the UT-4054 Aurora.,El aspecto de Rex para el UT-4054 Aurora.,El aspecto de Rex para el UT-4054 Aurora.,The Rex Skin for the UT-4054 Aurora.,A skin de Rex para o UT-4054 Aurora.,The Rex Skin for the UT-4054 Aurora.,“UT-4054 Aurora”的雷克斯涂装。
AircraftSkin_Description_ut4054_07,Nemo skin with Neucom markings for the UT-4054 Aurora.,UT-4054的Neucom版尼莫塗裝.,Nemo skin with Neucom markings for the UT-4054 Aurora.,Nemo skin with Neucom markings for the UT-4054 Aurora.,Variante con i segni Neucom del design Nemo per UT-4054 Aurora.,「UT-4054」 オーロラ用ニューコムマーキング入りネモスキン。,Nemo skin with Neucom markings for the UT-4054 Aurora.,El aspecto de Nemo con insignia de Neucom para el UT-4054 Aurora.,El aspecto de Nemo con insignia de Neucom para el UT-4054 Aurora.,Nemo skin with Neucom markings for the UT-4054 Aurora.,Skin de Nemo com marcações Neucom para o UT-4054 Aurora.,Nemo skin with Neucom markings for the UT-4054 Aurora.,“UT-4054 Aurora”的带有新网标志的尼摩涂装。
AircraftSkin_Description_ut4054_08,Dision skin with General Resource Defense Force markings for the UT-4054 Aurora.,UT-4054的通用資源版Dision塗裝.,Dision skin with General Resource Defense Force markings for the UT-4054 Aurora.,Dision skin with General Resource Defense Force markings for the UT-4054 Aurora.,Variante con i segni General Resource del design Dision per UT-4054 Aurora., オーロラ用ゼネラル・リソース・ディフェンス・フォースマーキング入りディシオンスキン。,Dision skin with General Resource Defense Force markings for the UT-4054 Aurora.,El aspecto de Dision con insignia de la General Resource Defense Force para el UT-4054 Aurora.,El aspecto de Dision con insignia de la General Resource Defense Force para el UT-4054 Aurora.,Dision skin with General Resource Defense Force markings for the UT-4054 Aurora.,Skin de Dision com marcações General Resource Defense Force para o UT-4054 Aurora.,Dision skin with General Resource Defense Force markings for the UT-4054 Aurora.,“UT-4054 Aurora”的带有通用资源防卫力量标志的迪修涂装。
AircraftSkin_Description_ut4054_09,Dision skin with Ouroboros markings for the UT-4054 Aurora.,"UT-4054的""銜尾蛇""版Dision塗裝.",Dision skin with Ouroboros markings for the UT-4054 Aurora.,Dision skin with Ouroboros markings for the UT-4054 Aurora.,Variante con i segni Ouroboros del design Dision per UT-4054 Aurora., オーロラ用ウロボロスマーキング入りディシオンスキン。,Dision skin with Ouroboros markings for the UT-4054 Aurora.,El aspecto de Dision con insignia de Ouroboros para el UT-4054 Aurora.,El aspecto de Dision con insignia de Ouroboros para el UT-4054 Aurora.,Dision skin with Ouroboros markings for the UT-4054 Aurora.,Skin de Dision com marcações Ouroboros para o UT-4054 Aurora.,Dision skin with Ouroboros markings for the UT-4054 Aurora.,“UT-4054 Aurora”的带有衔尾蛇标志的迪修涂装。
AircraftSkin_Description_ut4054_10,The skin based on the SR-75 Penetrator paintjob for the UT-4054 Aurora.,"UT-4054的SR-75 ""貫穿者""塗裝.",The skin based on the SR-75 Penetrator paintjob for the UT-4054 Aurora.,The skin based on the SR-75 Penetrator paintjob for the UT-4054 Aurora.,Design Penetrator per UT-4054 Aurora. (Riferimento alla verniciatura dell'R-75 Penetrator), オーロラ用の、SR-75 ペネトレーターのペイントジョブをベースにしたスキンです。,The skin based on the SR-75 Penetrator paintjob for the UT-4054 Aurora.,El aspecto basado en el esquema de pintura del SR-75  Penetrator para el UT-4054 Aurora.,El aspecto basado en el esquema de pintura del SR-75  Penetrator para el UT-4054 Aurora.,The skin based on the SR-75 Penetrator paintjob for the UT-4054 Aurora.,A skin baseada na pintura do SR-75 Penetrator para o UT-4054 Aurora.,The skin based on the SR-75 Penetrator paintjob for the UT-4054 Aurora.,“UT-4054 Aurora”的基于SR-75“穿透者”涂装方案的涂装。
AircraftSkin_Description_ut4054_11,The Super Miku skin for the UT-4054 Aurora.,"UT-4054的""超級初音未來""塗裝.",The Super Miku skin for the UT-4054 Aurora.,The Super Miku skin for the UT-4054 Aurora.,Design Super Miku per UT-4054 Aurora.,オーロラ用のスーパーミクスキンです。,The Super Miku skin for the UT-4054 Aurora.,"El aspecto ""Super Miku"" para el UT-4054 Aurora.","El aspecto ""Super Miku"" para el UT-4054 Aurora.",The Super Miku skin for the UT-4054 Aurora.,A skin de Super Miku para o UT-4054 Aurora.,The Super Miku skin for the UT-4054 Aurora.,“UT-4054 Aurora”的超级初音涂装。
AircraftSkintype_Name_f86t_DLC1,Belkan Woodland Skin,Belkan Woodland Skin,Belkan Woodland Skin,Belkan Woodland Skin,Belkan Woodland Skin,Belkan Woodland Skin,Belkan Woodland Skin,Belkan Woodland Skin,Belkan Woodland Skin,Belkan Woodland Skin,Belkan Woodland Skin,Belkan Woodland Skin,Belkan Woodland Skin
AircraftSkintype_Name_f86t_DLC2,Vault Girl Skin,Vault Girl Skin,Vault Girl Skin,Vault Girl Skin,Vault Girl Skin,Vault Girl Skin,Vault Girl Skin,Vault Girl Skin,Vault Girl Skin,Vault Girl Skin,Vault Girl Skin,Vault Girl Skin,Vault Girl Skin
AircraftSkintype_Name_f86t_DLC3,SRPA Skin,SRPA Skin,SRPA Skin,SRPA Skin,SRPA Skin,SRPA Skin,SRPA Skin,SRPA Skin,SRPA Skin,SRPA Skin,SRPA Skin,SRPA Skin,SRPA Skin
AircraftSkintype_Name_f86t_DLC4,Taiwanese Air Force Skin,Taiwanese Air Force Skin,Taiwanese Air Force Skin,Taiwanese Air Force Skin,Taiwanese Air Force Skin,Taiwanese Air Force Skin,Taiwanese Air Force Skin,Taiwanese Air Force Skin,Taiwanese Air Force Skin,Taiwanese Air Force Skin,Taiwanese Air Force Skin,Taiwanese Air Force Skin,Taiwanese Air Force Skin
AircraftSkintype_Name_f86t_DLC5,MiG Poison Skin,MiG Poison Skin,MiG Poison Skin,MiG Poison Skin,MiG Poison Skin,MiG Poison Skin,MiG Poison Skin,MiG Poison Skin,MiG Poison Skin,MiG Poison Skin,MiG Poison Skin,MiG Poison Skin,MiG Poison Skin
AircraftSkintype_Name_f86t_DLC6,Beauteous Butch II Skin,Beauteous Butch II Skin,Beauteous Butch II Skin,Beauteous Butch II Skin,Beauteous Butch II Skin,Beauteous Butch II Skin,Beauteous Butch II Skin,Beauteous Butch II Skin,Beauteous Butch II Skin,Beauteous Butch II Skin,Beauteous Butch II Skin,Beauteous Butch II Skin,Beauteous Butch II Skin
AircraftSkintype_Name_f86t_DLC7,Fighting Eagles Skin,Fighting Eagles Skin,Fighting Eagles Skin,Fighting Eagles Skin,Fighting Eagles Skin,Fighting Eagles Skin,Fighting Eagles Skin,Fighting Eagles Skin,Fighting Eagles Skin,Fighting Eagles Skin,Fighting Eagles Skin,Fighting Eagles Skin,Fighting Eagles Skin
AircraftSkintype_Name_ut4054_DLC1,Rex Skin,Rex Skin,Rex Skin,Rex Skin,Rex Skin,Rex Skin,Rex Skin,Rex Skin,Rex Skin,Rex Skin,Rex Skin,Rex Skin,Rex Skin
AircraftSkintype_Name_ut4054_DLC2,Nemo - Neucom ver. Skin,Nemo - Neucom ver. Skin,Nemo - Neucom ver. Skin,Nemo - Neucom ver. Skin,Nemo - Neucom ver. Skin,Nemo - Neucom ver. Skin,Nemo - Neucom ver. Skin,Nemo - Neucom ver. Skin,Nemo - Neucom ver. Skin,Nemo - Neucom ver. Skin,Nemo - Neucom ver. Skin,Nemo - Neucom ver. Skin,Nemo - Neucom ver. Skin
AircraftSkintype_Name_ut4054_DLC3,Dision - General Resource ver. Skin,Dision - General Resource ver. Skin,Dision - General Resource ver. Skin,Dision - General Resource ver. Skin,Dision - General Resource ver. Skin,Dision - General Resource ver. Skin,Dision - General Resource ver. Skin,Dision - General Resource ver. Skin,Dision - General Resource ver. Skin,Dision - General Resource ver. Skin,Dision - General Resource ver. Skin,Dision - General Resource ver. Skin,Dision - General Resource ver. Skin
AircraftSkintype_Name_ut4054_DLC4,Dision - Ouroboros ver. Skin,Dision - Ouroboros ver. Skin,Dision - Ouroboros ver. Skin,Dision - Ouroboros ver. Skin,Dision - Ouroboros ver. Skin,Dision - Ouroboros ver. Skin,Dision - Ouroboros ver. Skin,Dision - Ouroboros ver. Skin,Dision - Ouroboros ver. Skin,Dision - Ouroboros ver. Skin,Dision - Ouroboros ver. Skin,Dision - Ouroboros ver. Skin,Dision - Ouroboros ver. Skin
AircraftSkintype_Name_ut4054_DLC5,Penetrator Skin,Penetrator Skin,Penetrator Skin,Penetrator Skin,Penetrator Skin,Penetrator Skin,Penetrator Skin,Penetrator Skin,Penetrator Skin,Penetrator Skin,Penetrator Skin,Penetrator Skin,Penetrator Skin
AircraftSkintype_Name_ut4054_DLC6,Super Miku Skin,Super Miku Skin,Super Miku Skin,Super Miku Skin,Super Miku Skin,Super Miku Skin,Super Miku Skin,Super Miku Skin,Super Miku Skin,Super Miku Skin,Super Miku Skin,Super Miku Skin,Super Miku Skin
Aircraft_Description_f86t,"A versatile and adaptable transonic jet fighter aircraft developed by a certain nation, the F-86 was developed to counter the rising threat from a similarly designed MiG-15, with both being involved in high-speed jet-to-jet dogfights in a major war. At the end of that war, the F-86 had proven itself to be a successful fighter jet and was considered to be one of the best and most important of its kind in history. Its nickname is the ""Sabre"" and sometimes the ""Sabrejet"".",F-86系由某國針對日益遽增的MiG-15威脅，所研發的多功能、改裝空間極大的穿音速戰鬥機，且兩機均採用相似設計理念，並活用於某大型戰爭中相互進行高速纏鬥。於此大型戰爭中，F-86證明自身有效性且具航空歷史定位。其稱為「軍刀」亦或是「軍刀戰機」。,"Un chasseur à réaction transsonique, versatile et adaptable développé par un certain pays, le F-86 fut développé pour contrer la menace émergente d'un MiG-15 de conception similaire, les deux appareils étant impliqués dans des combats aériens entre jets à haute vitesse durant une guerre majeure. A l'issue de cette guerre, le F-86 avait fait ses preuves en tant que chasseur à réaction et fut considéré comme l'un des meilleurs et plus importants de l'Histoire. Son surnom est le ""Sabre"" et parfois le ""Sabrejet"".","A versatile and adaptable transonic jet fighter aircraft developed by a certain nation, the F-86 was developed to counter the rising threat from a similarly designed MiG-15, with both being involved in high-speed jet-to-jet dogfights in a major war. At the end of that war, the F-86 had proven itself to be a successful fighter jet and was considered to be one of the best and most important of its kind in history. Its nickname is the ""Sabre"" and sometimes the ""Sabrejet"".","A versatile and adaptable transonic jet fighter aircraft developed by a certain nation, the F-86 was developed to counter the rising threat from a similarly designed MiG-15, with both being involved in high-speed jet-to-jet dogfights in a major war. At the end of that war, the F-86 had proven itself to be a successful fighter jet and was considered to be one of the best and most important of its kind in history. Its nickname is the ""Sabre"" and sometimes the ""Sabrejet"".",ある国が開発した、汎用性と適応性に優れた遷音速ジェット戦闘機、F-86は、類似設計のMiG-15の脅威の高まりに対抗するために開発されました。両機は、ある大戦において、ジェット機同士の高速ドッグファイトを繰り広げました。戦争終結時には、F-86は優れた戦闘機としての実力を証明し、同種の機体の中では史上最高かつ最も重要な機体の一つとされていました。愛称は「セイバー」、あるいは「セイバージェット」です。,"A versatile and adaptable transonic jet fighter aircraft developed by a certain nation, the F-86 was developed to counter the rising threat from a similarly designed MiG-15, with both being involved in high-speed jet-to-jet dogfights in a major war. At the end of that war, the F-86 had proven itself to be a successful fighter jet and was considered to be one of the best and most important of its kind in history. Its nickname is the ""Sabre"" and sometimes the ""Sabrejet"".","Un avión caza a reacción transónico, versátil y adaptable, desarrollado por una nación en particular. El F-86 fue desarrollado para contrarrestar la amenaza creciente del similarmente diseñado MiG-15, siendo ambos utilizados en combates aéreos de alta velocidad durante una importante guerra. Para fines de esta, el F-86 había demostrado su éxito como caza de combate y fue considerado uno de los mejores y más importantes de su clase de la historia. Su apodo es ""Sabre"", y a veces, ""Sabrejet"".","Un avión caza a reacción transónico, versátil y adaptable, desarrollado por una nación en particular. El F-86 fue desarrollado para contrarrestar la amenaza creciente del similarmente diseñado MiG-15, siendo ambos utilizados en combates aéreos de alta velocidad durante una importante guerra. Para fines de esta, el F-86 había demostrado su éxito como caza de combate y fue considerado uno de los mejores y más importantes de su clase de la historia. Su apodo es ""Sabre"", y a veces, ""Sabrejet"".","A versatile and adaptable transonic jet fighter aircraft developed by a certain nation, the F-86 was developed to counter the rising threat from a similarly designed MiG-15, with both being involved in high-speed jet-to-jet dogfights in a major war. At the end of that war, the F-86 had proven itself to be a successful fighter jet and was considered to be one of the best and most important of its kind in history. Its nickname is the ""Sabre"" and sometimes the ""Sabrejet"".","A versatile and adaptable transonic jet fighter aircraft developed by a certain nation, the F-86 was developed to counter the rising threat from a similarly designed MiG-15, with both being involved in high-speed jet-to-jet dogfights in a major war. At the end of that war, the F-86 had proven itself to be a successful fighter jet and was considered to be one of the best and most important of its kind in history. Its nickname is the ""Sabre"" and sometimes the ""Sabrejet"".","A versatile and adaptable transonic jet fighter aircraft developed by a certain nation, the F-86 was developed to counter the rising threat from a similarly designed MiG-15, with both being involved in high-speed jet-to-jet dogfights in a major war. At the end of that war, the F-86 had proven itself to be a successful fighter jet and was considered to be one of the best and most important of its kind in history. Its nickname is the ""Sabre"" and sometimes the ""Sabrejet"".",F-86是由某国研发的一款强适应能力多用途跨音速战机，为应对增长的来自相似设计的MIG-15战机的威胁而研发，两者皆在一场大型战争中参与了喷气式飞机之间的高速缠斗。在战争末期，F-86证明了自身是一款成功的喷气式战斗机，也被认为是历史上与其同类型的战机中最优秀且影响最为重大的战机之一。其有“佩刀”之称，有时也被称为“军刀式喷气机”。
Aircraft_Description_ut4054,"An aircraft rumored to have been developed as a successor of SR-71 and RF-12A2. Its high speed, high agility, combined with advanced weapon systems and the Opto-Neuron-Synapse-Interface (ONSI) fly-by-opto control system inside, making it a silent, swift, and lethal super-plane. Its nickname is ""Aurora"".","傳聞中取代SR-71和RF-12A2的偵察機。其高速與高機動性表現、配合先進武器系統與COFFIN及ONSI操作介面，使這架超級戰機具備寂靜、敏捷、致命之特性。機體代號為 ""極光"".","An aircraft rumored to have been developed as a successor of SR-71 and RF-12A2. Its high speed, high agility, combined with advanced weapon systems and the Opto-Neuron-Synapse-Interface (ONSI) fly-by-opto control system inside, making it a silent, swift, and lethal super-plane. Its nickname is ""Aurora"".","An aircraft rumored to have been developed as a successor of SR-71 and RF-12A2. Its high speed, high agility, combined with advanced weapon systems and the Opto-Neuron-Synapse-Interface (ONSI) fly-by-opto control system inside, making it a silent, swift, and lethal super-plane. Its nickname is ""Aurora"".","Si dice che questo aereo sia stato sviluppato come successore dell'SR-71 e RF-12A2. La sua alta velocità, agilità, insieme ai sistemi d'arma avanzati e l'Interfaccia Optico-Neurale Sinaptica (ONSI) lo rendono un super-aereo silenzioso, rapido e letale. Il suo soprannome è ""Aurora"".",SR-71およびRF-12A2の後継機として開発されたと噂されている機体です。高速性と機敏性に加え、高度な兵装システムとオプトニューロンシナプスインターフェース（ONSI）によるフライバイオプト制御システムを搭載し、静粛性、迅速性、そして威力に優れた超大型機となっています。愛称は「オーロラ」,"An aircraft rumored to have been developed as a successor of SR-71 and RF-12A2. Its high speed, high agility, combined with advanced weapon systems and the Opto-Neuron-Synapse-Interface (ONSI) fly-by-opto control system inside, making it a silent, swift, and lethal super-plane. Its nickname is ""Aurora"".","Se dice que esta aeronave fue desarrollada como un sucesor del SR-71 y el RF-12A2. Su alta velocidad y agilidad combinada con avanzados sistemas de armamento y el system a de control de vuelo Opto-Neuron-Synapse-Interface (ONSI) lo vuelven un súper-caza silencioso, rápido y letal. Su apodo es ""Aurora"".","Se dice que esta aeronave fue desarrollada como un sucesor del SR-71 y el RF-12A2. Su alta velocidad y agilidad combinada con avanzados sistemas de armamento y el system a de control de vuelo Opto-Neuron-Synapse-Interface (ONSI) lo vuelven un súper-caza silencioso, rápido y letal. Su apodo es ""Aurora"".","An aircraft rumored to have been developed as a successor of SR-71 and RF-12A2. Its high speed, high agility, combined with advanced weapon systems and the Opto-Neuron-Synapse-Interface (ONSI) fly-by-opto control system inside, making it a silent, swift, and lethal super-plane. Its nickname is ""Aurora"".","Uma aeronave que, segundo rumores, foi desenvolvida como sucessora do SR-71 e do RF-12A2. Sua alta velocidade e agilidade, combinadas com sistemas de armas avançados e o sistema de controle fly-by-opto Opto-Neuron-Synapse-Interface (ONSI) incorporado, tornam-na um superavião silencioso, veloz e letal. Seu apelido é “Aurora”.","An aircraft rumored to have been developed as a successor of SR-71 and RF-12A2. Its high speed, high agility, combined with advanced weapon systems and the Opto-Neuron-Synapse-Interface (ONSI) fly-by-opto control system inside, making it a silent, swift, and lethal super-plane. Its nickname is ""Aurora"".",一款据传作为SR-71和RF-12A2的继任者开发的飞机。其高速与高机动性和先进武器系统与内部的“光学神经元突触界面”(OSNI)式光学飞控系统结合，使其成为一款安静、轻巧又致命的超级飞机。其称号为“极光”。
Aircraft_Name_f86t,F-86T Sabre,F-86T Sabre,F-86T Sabre,F-86T Sabre,F-86T Sabre,F-86T Sabre,F-86T Sabre,F-86T Sabre,F-86T Sabre,F-86T Sabre,F-86T Sabre,F-86T Sabre,F-86T Sabre
Aircraft_Name_ut4054,UT-4054 Aurora,UT-4054 Aurora,UT-4054 Aurora,UT-4054 Aurora,UT-4054 Aurora,UT-4054 Aurora,UT-4054 Aurora,UT-4054 Aurora,UT-4054 Aurora,UT-4054 Aurora,UT-4054 Aurora,UT-4054 Aurora,UT-4054 Aurora
WeaponNameLocalized_Name_ugbst,Unguided Bomb Small,小型無導引炸彈,Bombe non guidée petite,Kleine Ungelenkte Bombe,Piccola bomba non guidata,小型非誘導爆弾,소형 비유도 폭탄,Bomba pequeñas convencional,Bomba pequeña convencional,Mała bomba niekierowana,Bomba pequena não guiada,Малого Неуправляемая бомба,小型无制导炸弹
WeaponPsvr_Description_ugbst,Small unguided bombs with a high carrying capacity.,具備高載彈量的小型無導引炸彈。,Petites bombes non guidées avec une capacité de charge élevée.,Kleine ungelenkte Bomben mit hoher Tragfähigkeit.,Bombe non guidate di piccole dimensioni con un'elevata capacità di carico.,積載量の高い小型非誘導爆弾。,운반 용량이 높은 소형 비유도 폭탄.,Bombas pequeñas no guiadas con una gran capacidad de carga.,Bombas pequeñas no guiadas con una gran capacidad de carga.,Małe bomby niekierowane o dużej ładowności.,Bombas pequenas não guiadas com alta capacidade de carga.,Небольшие неуправляемые бомбы с высокой грузоподъемностью.,具有高载弹量的小型无制导炸弹。
WeaponShort_Name_ugbst,ugbst,ugbst,ugbst,ugbst,ugbst,ugbst,ugbst,ugbst,ugbst,ugbst,ugbst,ugbst,ugbst
Weapon_Description_ugbst,"Small unguided bombs. Their explosion radius can only damage
a few surface targets, but they have a higher carrying capacity
than other bomb types.","小型無導引炸彈。其爆炸半徑僅能摧毀少量地面目標，
但相較其他炸彈類型具備更高載彈量。","Petites bombes non guidées. Leur rayon d'explosion ne peut
endommager que quelques cibles en surface, mais elles ont
une capacité de charge plus élevée que les autres types de bombes.","Kleine ungelenkte Bomben. Ihr Explosionsradius kann nur wenige
Oberflächenziele beschädigen, aber sie haben eine höhere
Tragfähigkeit als andere Bombentypen.","Bombe non guidate di piccole dimensioni. Il loro raggio d'azione
può danneggiare solo pochi bersagli di superficie, ma hanno una
capacità di carico superiore rispetto ad altri tipi di bombe.","小型の非誘導爆弾。爆発範囲は地表目標数個にしかダメージ
を与えられないが、他の爆弾タイプより積載量が高い。","소형 비유도 폭탄. 폭발 반경이 좁아 지상 표적 몇 개만 피해를
줄 수 있지만, 다른 폭탄 유형보다 운반 용량이 높습니다.","Bombas pequeñas no guiadas. Su radio de explosión solo puede
dañar unos pocos objetivos en superficie, pero tienen una mayor
capacidad de carga que otros tipos de bombas.","Bombas pequeñas no guiadas. Su radio de explosión solo puede
dañar unos pocos objetivos en superficie, pero tienen una mayor
capacidad de carga que otros tipos de bombas.","Małe bomby niekierowane. Ich promień rażenia pozwala zniszczyć
tylko kilka celów naziemnych, ale mają one większą ładowność niż
inne typy bomb.","Bombas pequenas não guiadas. O raio de explosão delas só pode
causar danos a alguns alvos superficiais, mas elas têm uma capacidade
de carga maior do que outros tipos de bombas.","Небольшие неуправляемые бомбы. Радиус их взрыва может
повредить только несколько наземных целей, но они имеют
более высокую грузоподъемность, чем другие типы бомб.","小型无制导炸弹。其爆炸半径仅能对少量地面目标造成伤害，
但相比其他炸弹类型具有更高的载弹量。"
Weapon_Name_ugbst,Unguided Bomb Small,Unguided Bomb Small,Unguided Bomb Small,Unguided Bomb Small,Unguided Bomb Small,Unguided Bomb Small,Unguided Bomb Small,Unguided Bomb Small,Unguided Bomb Small,Unguided Bomb Small,Unguided Bomb Small,Unguided Bomb Small,Unguided Bomb Small
